"","Covariate","Proportion_Significant"
"1","Roads",0.757575757575758
"2","High",0.545454545454545
"3","Low",0.393939393939394
